"quality","density","pH","alcohol","time"
90,0.9978,3.51,9.4,5
68.5,0.9962,3.26,10,4
110,0.9963,3.25,9.2,5
71.5,0.99551,3.56,10.8,5
110,0.996,3.28,9.8,6
95,0.99803,3.29,9.5,5
117,1,3.15,10.4,7
130,0.9948,3.14,11.5,7
99,0.99746,3.69,10.5,5
100,0.99286,3.22,13,5
94.5,0.9966,3.17,9.8,5
113,0.99516,3.18,11.2,5
123,0.99613,3.29,11.1,6
127,0.99468,3.3,12,7
124,0.9986,3.04,9.4,5
122,0.99664,3.12,11.8,7
106,0.9942,3.72,11.4,5
130,0.99498,3.27,12.1,7
115,0.9969,3.13,10.4,5
105,0.9994,3.22,10.3,6
118,0.9972,3.29,9.2,6
107,0.99788,3.21,9.5,5
126,0.9992,3.19,10,6
112,0.997,3.26,11.7,6
70,0.9967,3.39,9.8,5
125,0.99585,3.23,12,6
99,0.99748,3.48,9.8,5
123,0.9958,3,12.8,6
121,0.9962,3.41,9.4,6
125,0.9972,3.15,11,8
148,0.99552,3.41,11.9,7
133,0.9972,3.25,9.9,7
87.5,0.9962,3.41,10.9,5
109,0.9955,3.17,10.2,6
97,0.99558,3.2,9.5,5
87,0.9968,3.2,9.5,5
131,0.9971,3.31,10.1,6
117,0.99708,3.28,9.5,5
100.5,0.9998,3.27,9.3,5
41.5,0.9966,3.63,10.7,3
102,0.99683,3.4,9.7,5
93,0.9968,3.17,9.4,5
116,0.998,3.21,10.2,6
86,0.99402,3.67,11.6,6
100,0.9964,3.3,9.4,5
101.5,0.99638,3.31,9.8,5
103,0.99592,3.3,10.4,6
114,0.99746,3.1,9.6,5
78,0.99642,3.16,9.4,5
122,0.99625,3.37,9.9,6
94,0.99318,3.35,12.7,7
94,0.9976,3.29,10.4,5
72,0.99636,3.53,9.9,5
122,1.0006,2.98,9.4,5
132,0.99524,3.3,11.8,7
102,0.99374,3.35,11.6,7
119,0.997,3.44,9.4,5
101,0.996,3.41,10.3,5
107,0.9967,3.2,10.2,6
117,0.99495,3.44,11.5,7
115,0.9986,3.17,11.2,6
103,0.997,3.46,9.5,5
58,0.99892,3.48,11,3
124,0.9946,3.57,11.7,6
99,0.9976,3.26,9.3,4
129,0.9966,3.36,10.1,6
99,0.99612,3.3,9.8,5
124,0.99558,3.4,10.1,6
121,0.99428,3.45,11.2,7
100,0.99622,3.21,9.9,5
134,0.9972,3.13,9.6,5
104,0.9962,3.32,9.5,5
98,0.99746,3.51,9.5,5
98,0.99504,3.38,11.8,6
121,0.9996,3.18,10.8,7
93,0.99768,3.44,9.4,5
104,0.9979,3.11,10,6
117,0.9976,3.23,9.5,5
104,0.99629,3.34,9.2,5
96.5,0.9961,3.4,10.3,6
110,1.00242,3.16,8.8,5
117,0.99834,3.22,10,7
111,0.9953,3.71,12.2,6
104,0.9968,3.44,10,6
115,1.0003,3.26,11,6
104,0.99522,3.53,10.6,5
93.5,0.997,3.16,9.1,5
115,0.9997,3.1,10.3,6
95,0.9973,3.2,9.2,5
124,0.9933,3.38,13.6,7
132,0.99354,3.25,12.3,7
136,0.9978,3.15,11,7
142,0.99524,3.33,11.8,7
77,0.99534,3.38,9.6,5
118,0.99471,3.78,12.3,7
104,0.9958,3.13,11,5
110,0.9987,3.29,10.7,6
115,0.9969,3.13,10.4,5
131,0.9915,3.39,13.5,6
136,0.9978,3.15,11,7
118,0.9948,3.16,11.3,6
94,0.9978,3.51,9.4,5
139,0.9972,3.22,11.7,6
128,0.99434,3.14,11.8,7
92,0.99783,3.45,9.5,5
86,0.99508,3.45,11.5,6
96,0.99496,3.52,10.6,5
117,0.99615,3.37,10.5,6
96,0.9956,3.34,10.2,5
115,0.99609,3.29,9.9,6
99,0.99396,3.33,10.4,4
123.5,0.9966,3.36,11,5
101,0.99738,3.14,9.4,5
94,0.99629,3.45,10.3,5
122,1.001,3.17,9.8,6
85.5,0.99739,3.2,9.7,6
90.5,0.9968,3.49,9.2,5
119,0.9986,3.54,10.5,5
124,0.9964,3.3,11,6
96,0.99818,3.23,9.6,5
102,0.99476,3.21,11.6,6
95.5,1.00315,2.92,11.1,5
97.5,0.9962,3.14,11,5
122,1.0004,3.16,10.3,5
100,0.9977,3.18,10.4,6
113,0.9982,3.08,9.1,5
112,0.9927,3.54,12.2,7
114,0.99425,3.61,11.4,5
93,0.9962,3.48,9.5,5
120,0.99783,3.1,10.4,5
69,0.99592,3.53,10.9,4
119,0.99939,3.21,11.3,6
78,0.9984,3.39,9.8,5
115,0.9962,3.21,10.2,6
94,0.99414,3.27,12.8,6
108,0.99682,3.26,9.9,6
113,0.9976,3.3,9.4,5
104,0.9999,3.08,10.9,5
96,0.99538,3.57,12,5
100,0.9997,3.5,9.7,5
122,0.99356,3.34,12.9,7
124,0.998,3.23,12.5,6
87.5,0.99655,3.35,10.8,6
127,0.99426,3.38,12.7,7
109,0.99538,3.36,10.5,6
110,0.9968,3.2,9.5,5
106,0.99709,2.94,10.2,5
78,0.9952,3.2,9.8,5
136,0.99394,3.14,11.3,7
126,0.9947,3.19,11.4,7
94,0.9989,3.37,11.5,7
107,0.9971,3.19,11.6,7
138,0.9968,3.39,9.4,6
114,0.99624,3.36,10.7,5
108,0.9972,3.58,10.5,6
101,0.9994,3.18,10.2,6
90,0.9973,3.19,9.4,5
89,0.9972,3.47,9.4,5
133,0.99531,3.17,12.5,6
108,0.99685,3.46,11,5
99,0.99494,3.1,9.3,5
128,0.99484,3.29,11.6,7
94,0.99572,3.29,9.3,5
110,0.9985,3.43,10.7,6
84,0.996,3.55,9.95,3
120,0.99727,3.31,9.5,6
89,0.9976,3.44,9.5,5
101,0.9958,3.41,9.7,5
80,0.9963,3.52,12.2,5
100,0.99622,3.21,9.9,5
126,0.99546,3.35,11.4,6
116,0.99555,3.51,11,6
96,0.9965,3.32,10,6
111,0.9959,3.42,10.2,6
126,0.997,3.19,11.3,6
118,0.9978,3.02,9.5,5
91,0.99608,3.42,10.2,6
108,0.99612,3.3,10.2,5
105.5,0.9965,3.36,10.7,6
113,1.0021,3.3,12.7,6
93,1.0004,3.28,9.9,6
91.5,0.99606,3.34,9.7,5
130,0.9959,3.44,10.3,6
116,0.99832,3.38,9.9,3
76,0.99554,3.12,9.1,6
132,0.9967,3.32,10.6,6
86,0.99258,4.01,12.5,6
137,0.9981,3.14,9.9,6
111,0.9979,3.03,9,5
99,0.9969,3.19,9.5,5
95,0.9963,3.34,11.7,7
82,0.997,3.37,11.3,5
95.5,0.99547,3.57,10.2,5
101,0.9955,3.42,10.7,6
130,0.9981,3.11,10.1,6
119,0.99728,3.16,10.8,5
82,0.99612,3.31,10.7,6
118,0.99724,3.41,10.4,6
105,0.99512,3.52,11.2,6
99,0.9972,3.4,10.2,6
97,0.9979,3.43,9.7,6
127,0.99473,3.3,12.8,7
72.5,0.99808,3.4,10.2,3
124,0.9934,3.37,12.4,6
109,0.9973,3.09,11.8,7
60,0.99685,3.32,9,6
121,1.0001,3.13,9.5,5
105,0.99314,3.32,11.6,6
106,0.9973,3.61,9.8,5
95,0.99803,3.29,9.5,5
125,0.9982,3.21,9.5,5
122,0.9955,3.42,9.4,5
96,0.99689,3.59,9.8,5
107,0.99593,3.25,10,6
101,0.9974,3.38,9,4
63.5,0.9963,3.26,9.5,5
136,0.9976,3.25,10.8,7
93.5,0.99655,3.39,9.3,5
110,0.99502,3.32,11.5,6
136,0.9983,3.39,9.2,5
77,0.99652,3.29,9.8,4
101,0.9981,3.37,9.4,5
76.5,0.9975,3.3,9.3,5
47,0.994,3.5,9.8,4
120,0.9975,3.53,10.5,6
114,0.9947,3.32,14,6
113,0.99182,3.54,13.5666666666667,7
81.5,0.99692,3.29,10,5
99.5,0.9993,3.45,9.4,6
114,1.0006,3.13,10.2,5
107,0.9951,3.29,10.8,6
134,0.9974,3.26,9.6,6
115,0.99818,3.24,10.8,5
110,1.0002,3.19,9.6,5
103,0.99782,3.27,9.4,5
110,0.9937,3.63,13,5
117,0.99708,3.28,9.5,5
98,0.9964,3.15,9.8,5
117,0.99346,3.33,11.9,6
132,0.99686,3.15,10.6,7
122,0.99605,3.36,11.4,6
110,0.99704,3.27,10.8,6
109,0.99538,3.36,10.5,6
60,0.99685,3.32,9,6
116,0.99745,3.29,12,7
64,0.9955,3.36,10.9,5
99,0.9974,3.26,9.1,5
97,0.9961,3.19,9.5,5
108,0.9968,3.42,9.6,5
129,0.99459,3.42,10,7
123,0.998,3.18,9.5,5
110,0.99692,3.33,11.1,6
97,0.99578,3.44,10.9,6
100,0.9972,3.47,9.9,6
119,0.9973,3.08,9.3,5
124,0.9964,3.41,10.1,6
105.5,0.9972,3.3,9,6
130,0.9994,3.2,10.8,7
95,0.99803,3.29,9.5,5
135,0.99769,3.44,10.2,7
123,0.99729,3.16,9.8,5
124,0.99638,3.23,12,6
115,0.998,3.55,9.5,5
114,0.9968,3.21,10,5
99,0.99787,3.22,10,6
125,0.9947,3.36,11.9,6
98.5,1.0022,3.07,10,7
107,0.99615,3.35,9.8,6
123,0.9974,3.57,9.8,6
89.5,0.9962,3.44,10.7,5
106,0.9976,3.27,9.3,6
131,0.99516,3.26,11.7,7
129,0.99444,3.31,12.5,7
114,0.9981,3.05,9.6,4
106,1.00369,3.18,9,6
123,0.9963,3.28,9.3,5
111,0.9967,3.29,9.2,6
86.5,0.99538,3.51,11.7,7
108,0.99685,3.46,11,5
126,0.99694,3.45,9.4,5
96.5,0.99745,3.31,10.4,4
106,0.99589,3.37,10.4,6
113,0.9979,3.08,9.5,5
132,1.0026,3.12,9.2,5
82,0.99623,3,9.2,5
86.5,0.9994,3.47,9.9,5
133,0.99814,3.38,10.6,6
114,0.99922,3.15,9.4,5
124,0.99676,3.14,11.1,7
95,0.9972,3.47,9.5,6
119,0.997,3.44,9.4,5
86,0.99508,3.45,11.5,6
118,0.9988,3.34,8.7,6
118.5,1.0014,3.06,10,6
128,0.99732,3.33,11,7
75,0.99724,3.36,10.1,5
104,0.9983,3.37,9.5,5
121,0.99714,3.46,9.9,5
120,0.9955,3.42,10.1,7
114,0.99702,3.03,9.2,5
97,0.9969,3.46,9.3,5
84.5,0.9969,2.87,10.2,6
121,0.9982,3.3,9.8,6
101,0.9958,3.41,9.7,5
77.5,0.9972,3.37,10.7,6
119,0.99572,3.42,10.6,6
126,0.9988,2.94,9.2,6
105,0.9964,3.28,9.7,5
128,0.99506,3.27,12.3,6
127,1.0002,3.3,10.7,7
111,1.0008,3.16,11.5,6
104,0.9962,3.33,9.5,5
102,0.99322,3.38,11.7,5
133,0.9962,3.2,12,7
129,0.99615,3.33,12,7
101,0.9955,3.42,10.7,6
127,0.9998,3.26,11.2,7
139,0.99552,3.23,11.1,7
88,0.99627,3.45,9.8,5
102.5,0.9967,3.29,9.2,5
111,0.99706,3.41,9,5
107,0.99655,3.3,9.5,5
95.5,0.9969,3.37,10.3,5
130,0.9994,3.2,10.8,7
120.5,0.99362,3.62,12.4,6
100,0.99306,3.55,12.1,5
109,0.99768,3.52,9.5,6
81.5,0.9966,3.52,10.7,6
115,0.99726,3.15,9.8,5
130,0.99543,3.39,11.8,6
119,1.0014,3.01,10.8,6
118,0.99522,3.39,10,6
42,0.99532,3.34,10.5,5
108,0.9973,3.32,9.6,6
106,0.9991,3.39,9.4,5
120,0.9984,3.08,9.3,6
123,0.9995,3.15,10.4,6
129,0.99965,3.36,10.5,7
95.5,0.99815,3.28,10,6
93,0.99488,3.45,11.8,4
84,0.99652,2.9,9.1,6
87,0.99798,3.38,9.6,4
117,0.99788,3.36,10.5,5
101,0.99744,3.55,9.7,6
115,0.9987,3.35,9.7,5
132,0.9969,3.3,10.5,7
119,0.9953,3.24,12.6,7
97,0.99689,3.58,9.8,5
114,0.9956,3.37,10.4,6
111,0.9968,3.21,10.5,6
111,0.9968,3.16,12.5,7
125,0.99599,3.27,11,6
94,0.99796,3.26,10.1,5
136,0.99786,3.47,10.2,6
91,0.9997,3.46,10.2,5
98,0.99746,3.51,9.7,5
106,0.9991,3.39,9.4,5
125,0.9968,3.4,9.5,6
114,0.9948,3.39,10.6,6
110,0.9978,3.35,10.5,5
120,0.9958,3.34,9.2,5
90.5,0.99546,3.29,10.1,5
128,0.99734,3.28,11.5,6
93,0.99736,3.2,9.2,4
105,0.99735,3.23,10,5
112,0.99682,3.24,10.3,5
78.5,0.99471,3.32,9.8,3
132,0.9976,2.98,9.9,7
74.5,0.99627,3.54,11,6
123,0.9979,3.06,9.1,6
123,0.99526,3.24,10.8,7
68.5,0.9964,3.35,10.2,7
90.5,0.9992,3.17,12.2,7
107,0.995,3.16,9.8,5
110,1.00012,3.09,10.9,6
100,0.99616,3.15,9.8,5
100,0.99745,3.53,9.5,5
107,1.0018,3.18,13,5
78.5,0.9955,3.58,12.3,7
106,0.9956,3.39,11.4,6
124,0.99568,3.31,11.3,6
99,0.9971,3.54,9.3,5
100,0.99191,3.45,12.2,6
118,0.99852,3.09,11,5
72.5,0.9994,3.44,11.5,5
137,0.9952,3.5,11.1,5
122,0.99624,3.27,11,6
132,0.9952,3.28,11.3,7
110,1.00242,3.16,8.8,5
96,0.99747,3.13,9.1,6
139,0.9912,3.25,11.9,6
102,0.99557,3.62,11.5,4
117,0.9958,3.26,9.9,6
119,0.9949,3.41,11.1,6
114,0.99385,3.5,11.2,5
111,0.99388,3.35,12,6
122,0.99577,3.23,13.2,6
126,0.99458,3.2,12.1,7
109,0.99438,3.4,11.2,6
132,0.99828,3.39,10.6,5
116,0.9935,3.38,11.7,6
103,0.9963,3.04,10.1,5
126,0.99586,3.37,10.1,6
120,0.99652,3.28,12.5,6
100,0.99914,3.3,10.2,5
98,0.9972,3.31,10.7,6
129,0.9976,3.14,9.8,6
118,0.99801,3.22,9.7,5
123,0.99683,3.17,10.6,7
127,0.99628,3.1,10.4,6
94,0.99569,3.43,9.5,5
92,0.9944,3.54,10,5
112,1,3.1,10.5,6
109,0.9974,3.49,12.1,6
110,0.99761,3.52,9.6,6
126,0.9966,3.32,11.1,5
120,0.9969,3.41,9.5,6
117,0.9948,3.35,12.5,6
115,0.99551,3.21,10.2,6
66.5,0.997,3.25,9.2,5
98.5,0.9943,3.58,9.9,5
121,0.99717,3.39,9,5
118,0.99784,3.15,9.1,5
120,0.99414,3.22,12.2,6
97,0.99855,3.67,9.6,5
118,0.9978,3.31,9,5
110,0.99448,3.36,9.5,5
109,0.9958,3.33,9.5,6
109,0.995,3.54,10.7,6
82.5,0.9984,3.31,10.6,6
106,0.99636,3.26,9.7,5
111,1,3.19,9.2,5
94,0.9972,3.08,9,5
69,0.99525,3.51,10.7,6
96.5,0.99748,3.51,9.7,5
81.5,0.99713,3.16,9.6,6
104,0.99576,3.15,9.9,5
103,0.99677,3.29,9.5,6
117,0.99615,3.37,10.5,6
108,0.9984,3.43,9,6
119,0.9973,3.34,12.2,7
109,0.99768,3.52,9.5,6
106,0.9976,3.27,9.4,5
126,0.9978,3.3,9,6
121,0.99596,3.16,9.4,5
92,0.9969,3.48,9.3,5
88.5,0.99688,3.24,9.5,6
118,0.9968,3.21,10,5
110,0.9959,3.31,10.4,6
116,0.9944,3.48,11.7,6
129,0.99492,3.34,11.4,6
109,0.99538,3.36,10.5,6
95.5,1.00315,2.92,11.1,5
100,0.99514,3.4,10.9,6
102.5,1,3.16,9,5
51,0.9948,3.51,11.4,4
122,0.99604,3.13,11.9,7
121,0.9972,3.34,9.2,5
132,0.9982,3.2,9.4,6
71.5,0.9978,3.24,9.4,5
97,0.9969,3.28,9.5,5
73,0.99668,3.26,9.2,5
108,0.99575,3.34,10,5
105,0.9959,3.05,9.2,5
98,0.99746,3.51,9.5,5
113,1.0021,3.3,12.7,6
104,0.99438,3.4,11.2,6
106,0.99236,3.3,10.55,6
119,0.9986,3.54,10.5,5
107,0.9968,3.5,11,4
100,0.99745,3.53,9.5,5
107,0.9957,3.15,9.4,5
139,1.00005,3.07,9.2,7
125,0.9973,3.35,12.8,8
128,0.99588,3.43,10.1,5
95,0.99498,3.35,10.4,6
118,0.9979,3.26,11.8,6
104,0.9996,3.3,10.1,5
99,0.99746,3.69,10.5,5
113,0.99517,3.4,10.9,4
94,0.99743,3.53,9.7,5
99,0.99376,3.56,11.1,6
123,0.9947,3.23,11.3,7
72,1.001,3.41,11.2,5
122,0.997,3.2,9.4,5
106,0.9964,3.39,11,5
133,0.9962,3.2,12,7
139,1.00005,3.07,9.2,7
130,0.9963,3.44,11.9,6
112,0.99524,3.1,9.7,5
91.5,0.9984,3.19,10.1,6
96,0.9961,3.3,9.6,5
109,0.9984,3.23,10.5,6
106,0.99725,3.25,10.5,6
62,0.998,3.25,9.4,5
129,0.9987,2.88,9.8,8
103,0.9959,3.3,10.1,5
111,0.99388,3.35,12,6
96,0.99718,3.35,10.3,5
86,0.99576,3.24,9.8,5
80,0.99836,3.33,10.4,6
127,0.9976,3.37,9.6,6
100,0.9997,3.03,9.9,5
119,0.99786,3.24,10.5,5
122,0.9972,3.32,9.6,4
98.5,0.9982,3.26,9.3,5
101,0.99735,3.36,10,5
134,0.9974,3.21,9.4,6
118,0.99622,3.23,11.1,6
134,0.9986,3.12,9.3,6
111,0.99292,3.58,12.5,6
110,0.9952,3.4,9.8,6
121,0.99478,3.2,10.9,6
141,0.994,3.29,11.2,6
120.5,0.99639,3.27,12.2,7
82,0.9956,3.4,10,5
63.5,0.9963,3.26,9.5,5
85,0.99242,3.39,12.8,6
113,0.99182,3.54,13.6,7
86.5,0.9994,3.47,9.9,5
119,0.9968,3.06,9.4,5
114,0.99732,3.66,9.8,5
97,0.99745,3.53,9.8,6
103,0.99557,3.36,10.8,6
86.5,0.9986,3.23,10.1,6
104,0.99669,3.46,10.2,5
78.5,0.99621,3.38,10.8,5
100,0.9994,3.14,11.4,5
102,0.9968,3.36,9.5,7
97,0.99558,3.2,9.5,5
117,0.9976,3.34,9.4,5
114,0.9948,3.39,10.6,6
120,0.998,3.03,9.7,6
119,0.9996,3.15,9.9,6
122,0.99472,3.23,11.3,8
112,0.99684,3.37,11.2,7
129,0.99572,3.02,10.9,7
69,0.99672,3.35,9.2,5
118,0.9961,3.34,9.2,5
104,0.9964,3.19,9.5,5
113,0.99836,3.38,9.9,4
90,0.9991,3.32,9,6
86,0.99258,4.01,12.5,6
102,0.9944,3.24,11.2,6
95.5,0.99675,3.37,9.2,6
120,0.99416,3.28,11.3,7
99,0.9963,3.29,10.2,6
120,0.99462,3.21,12.5,8
100,0.9994,3.14,11.4,5
117,0.9986,2.89,9.6,5
105,0.99514,3.35,11,7
124,0.9928,3.36,12.8,7
117,0.9973,3.42,10.5,5
98,0.99504,3.38,11.8,6
125,0.9986,3.17,10.5,5
123,0.99708,3.33,9.7,6
100,0.9988,3.36,9.1,5
118,0.99157,3.68,13.6,7
119,0.9956,3.37,10.4,5
131,0.997,3.18,10.3,6
90,0.99622,3.54,11.9,6
96,0.9956,3.27,9.9,5
112,0.9982,3.1,9.2,5
98,0.997,3.31,10.8,5
83.5,0.9963,3.1,9.4,5
102,0.99568,3.35,10,5
97,0.99791,3.07,10.4,4
116,0.9966,3.22,9.4,5
114,0.9983,3.1,9.2,5
105,0.9974,3.25,9.2,5
75,0.9924,3.56,12.9,8
96,0.99736,3.28,9.5,5
125,0.99549,3.23,12,7
71.5,0.99551,3.56,10.8,5
114,0.9948,3.39,10.6,6
89.5,0.99631,3.6,10.2,5
109,0.995,3.54,10.7,6
94,0.9962,3.4,9.4,5
90.5,0.99546,3.29,10.1,5
106,0.9942,3.72,11.4,5
110,0.9976,3.23,9.4,5
134,0.99724,3.33,10.9,6
103,0.99417,3.46,12.7,8
65,0.9959,3.2,9.6,5
118,0.99154,3.71,14,7
105,0.9983,3.45,9.5,6
98,0.9986,3.17,9.2,5
119,0.99786,3.14,9.1,5
124,0.99534,3.4,11,7
118,1.001,3.2,9.2,5
136,0.99698,3.12,9.5,6
86.5,0.99765,3.41,9.4,5
117,0.9973,3.42,10.5,5
104,0.99402,3.54,11.3,5
94.5,0.99738,3.25,9.6,5
118,0.99736,3.24,12.1,7
128,0.99695,3.22,10.3,7
109,0.998,3.42,9.2,5
108,0.9956,3.4,9.4,6
129,0.99562,3.4,11.8,5
96,0.99358,3.47,11,5
76,0.9954,3.27,9.7,5
131,0.99565,3.22,11.8,6
97.5,0.9972,3.16,9.1,4
111,0.9966,3.37,10.5,5
121,0.99252,3.3,13.3,6
80.5,0.99378,3.49,11.6,5
125,1.0003,3.32,11,6
94,0.9983,3.61,9.9,6
100,0.99616,3.15,9.8,5
122,0.9996,3.24,10.4,6
104,0.9964,3.19,9.5,5
102,0.99467,3.58,12.5,6
91,0.9962,3.25,9.9,5
91,0.9979,3.29,10.1,5
129,0.9971,3.26,9.7,5
91,1.0002,3.48,11.6,6
110,0.99448,3.36,9.5,5
129,0.99356,3.22,12.5,7
74,0.99712,3.25,10,5
125,0.9994,3.12,10.4,6
125,0.99656,3.38,11.1,6
96,0.99538,3.36,10.9,5
102,0.99562,3.45,11.3,6
118,0.99476,3.39,10.9,5
134,0.99594,3.4,11.3,7
111,0.9972,2.93,9.9,6
124,0.9986,3.04,9.4,5
90,0.99628,3.4,10.9,5
119,1.0001,3.26,11,5
100,0.99616,3.29,9.8,6
110,0.99708,3.23,10.9,6
107,0.99702,3.26,9.2,5
101,0.9986,3.37,10.3,5
100,0.9949,3.45,10.5,5
100,0.9988,3.36,9.1,5
90,0.99334,3.43,12.6,5
94,0.99378,3.71,12.8,7
106,0.99785,3.39,9.4,5
96.5,0.99736,3.58,10.8,7
93,0.9976,3.17,10,5
87.5,0.9967,3.36,9.1,5
111,0.99438,3.41,11.3,6
76,0.99842,3.53,9.23333333333333,6
122,0.99084,3.7,14,6
57.5,0.9985,3.06,10.1,5
105,0.9962,3.21,10.9,6
82,0.997,3.37,11.3,5
91,0.9961,3.31,9.5,5
124,0.9928,3.36,12.8,7
106,0.9991,3.39,9.4,5
110,0.99647,3.46,10,5
112,0.99402,3.45,11.2,6
112,0.99586,3.21,12.1,7
128,0.9994,3.2,9.6,5
142,0.9996,3.28,10.1,6
93,0.99701,3.4,9.7,5
102,0.9966,3.56,9.4,5
106,0.9978,3.39,10,6
137,0.99614,3.23,9.3,4
103,0.99518,3.41,10.8,5
107,0.99585,3.3,12.4,6
110,0.9958,3.35,9.5,5
120,0.995,3.32,13.4,7
91.5,0.9966,3.46,10.6,6
103,0.99675,3.26,9.3,5
127,0.99509,3.36,12.4,7
56,0.9959,3.22,9.9,6
91.5,0.9978,3.28,9.4,5
110,0.9987,3.29,10.7,6
126,0.9988,2.94,9.2,6
83,0.99865,3.3,10.4,6
95,0.9946,3.39,10,7
120,0.9943,3.2,12.2,6
129,0.99536,3.31,11.2,7
93,0.99489,3.39,10.9,6
88.5,0.99688,3.24,9.5,6
121,0.99462,3.44,11.4,4
88.5,0.99362,3.57,11.9,5
59.5,0.99604,3.23,10,5
88.5,0.99632,3.29,9.4,5
78,0.99814,3.36,10,5
107,0.9965,3.38,10.7,6
100,0.995,3.35,10.1,5
119,0.9994,3.19,9.5,6
98,0.9961,3.42,11.5,6
96,0.9998,3.28,9.7,5
131,0.995,3.27,12.4,7
94.5,1.001,3.31,9.3,5
111,0.9957,3.39,9.7,5
110,0.99692,3.33,11.1,6
115,0.9978,3.33,10.5,5
96,0.99538,3.44,11.3,6
141,0.99341,3.32,9.5,5
117,0.9987,3.38,9.5,6
90,0.99701,3.31,10,6
88.5,0.99371,3.41,11.8,6
127,0.99498,3.18,11.1,7
114,0.998,3.12,10,6
125,0.99576,3.43,10,4
101,0.9975,3.43,10,5
98,0.9942,3.17,9.8,5
135,0.9959,3.18,10.6,6
132,0.998,3.16,9.8,6
87.5,0.99685,3.35,10,6
96,0.99545,3.36,10.4,6
131,0.9969,3.25,9.5,5
122,0.9968,3.23,9.7,7
72,0.9979,3.24,9.4,5
112.5,0.99704,3.07,10.0333333333333,6
129,0.9983,3.27,10,6
81,0.9955,3.12,9.2,5
83,0.9976,3.62,9.9,5
101,0.9962,3.42,10.5,7
116,0.9978,3.23,9.2,5
118,0.99823,3.19,9.2,5
110,0.999,3.31,10.7,6
62.5,0.99565,3.35,9.4,4
117,0.99538,3.44,12.2,6
123,0.99935,3.22,10.1,5
101,0.99746,3.55,9.8,5
88.5,0.99735,3.31,9.4,5
135,0.99386,3.27,12.5,7
128,0.9976,3.23,12.6,8
102,0.99544,3.59,11.4,6
132,0.99828,3.39,10.6,5
104,0.9968,3.11,9.3,5
93,0.9956,3.42,11.1,6
94,0.9983,3.61,9.9,6
132,0.99901,3.18,10.9,6
93,0.9972,3.4,10.1,5
104,0.99592,3.27,9.3,5
98.5,1.0001,3.31,9.7,5
98,0.9986,3.16,9.2,5
126,0.99408,3.23,12,6
93,0.9976,3.17,10,5
98,0.9978,3.34,9.5,5
103.5,0.9998,3.38,9.5,5
101,0.99744,3.55,9.7,6
120,0.99674,3.12,11.2,6
120,0.9959,3.26,10,5
94,0.99976,3.28,9.6,5
101,0.99522,3.42,10.8,6
105.5,0.9965,3.36,10.7,6
121,0.9982,3.3,9.8,6
112,0.99693,3.22,10.3,6
118,0.9972,3.21,11.3,6
84.5,0.99672,3.34,9.7,4
140,0.99672,3.53,10.4,6
100,0.995,3.35,10.1,5
77,0.9981,3.16,9.9,5
129,0.9965,2.94,9.5,5
94.5,0.99738,3.25,9.6,5
95.5,0.9982,3.17,10,6
101,0.99499,3.1,9.2,5
68.5,0.99346,3.68,11.4,5
82,0.9988,3.26,10.6,6
106,0.9981,3.41,9.2,6
114,1.0006,3.1,9,6
116,0.99613,3.25,10.2,6
134,0.9974,3.21,9.4,6
142,0.996,3.33,11.3,5
64,0.9936,3.5,11.9,6
133,0.99488,3.26,11.3,6
130,0.99316,3.01,12.3,7
120,0.9994,3.04,9.3,6
125,0.9972,3.15,11,8
138,0.99604,3.47,11,7
114,0.99624,3.36,10.7,5
81.5,0.99713,3.16,9.56666666666667,6
86.5,0.9966,3.39,9.8,5
112,0.99529,3.12,9.6,5
90.5,0.99546,3.29,10.1,5
126,0.99419,3.27,11.2,7
106,0.9973,3.61,9.8,5
103,0.99575,3.36,10.2,5
109,0.99764,3.34,9.5,6
110,0.9978,3.35,10.5,5
118,0.99628,3.24,10.4,5
95.5,0.99444,3.78,12.5,6
117,0.9973,3.42,10.5,5
122,0.9976,3.3,9.4,5
119,0.9964,3.32,10.5,6
82.5,0.9959,3.23,9.5,5
95,0.99348,3.57,11.95,5
125,0.9964,3.27,9.5,5
122,0.9961,3.33,9.5,5
102,0.99686,3.21,9.5,6
70,1.00289,3.22,9.3,5
108,0.9984,3.43,9,6
130.5,0.99556,3.14,10.9,6
95,0.99915,3.38,9.4,5
107,0.99528,3.6,10.3,6
88,0.99752,3.35,10,5
117,0.9976,3.35,11.3,6
121,0.9954,3.34,9.4,5
123,0.99576,3.3,11.2,6
84,0.997,3.26,9.8,5
114,1.0006,3.1,9,6
124,0.99667,3.2,10.5,6
104,0.9976,3.28,9.4,5
105,1.0004,3.14,9.4,5
88.5,0.99395,3.62,11,5
97,0.99675,3.37,9,6
68.5,0.99577,3.53,11.1,5
122,0.9956,3.3,11.4,6
92,0.9965,3.17,9.2,4
121,0.99598,3.06,11.4,6
104,0.9991,3.18,10.1,6
126,0.99576,3.44,10.1,5
112,0.99585,3.39,9.05,4
102,0.99352,3.46,12.5,6
87.5,1.0014,3.32,9.3,5
113,0.9982,3.29,9.8,5
116,0.999,3.17,12,7
127,0.99542,3.35,10.7,5
117,0.9994,3.19,9.5,6
116,0.99566,3.14,11.1,7
85,0.9955,3.55,12.8,6
124,0.9946,3.57,11.7,6
120,0.9988,3.06,11.3,6
91,0.9959,3.34,9.2,6
105.5,0.9972,3.3,9,6
105,0.9964,3.28,9.7,5
94,0.99733,3.13,9.2,5
100,0.99616,3.29,9.8,6
110,1.0002,3.19,9.6,5
120,0.9967,3.37,10.3,6
107,0.996,3.27,9.4,6
95,0.997,3.44,9.1,5
83.5,0.998,3.29,9.7,4
90,0.9991,3.32,9,6
127,0.9998,3.26,11.2,7
113,0.9963,3.56,10.6,6
131,0.9986,3.04,11.4,7
102,0.99565,3.08,9.8,6
92.5,0.9976,3.31,9.2,4
90,0.99665,3.44,10.2,5
124,0.9976,2.98,14.9,5
110,0.99864,3.24,9.7,7
109,0.998,3.47,9.6,6
106,0.997,3.2,11.4,6
82,0.9983,3.48,10,5
120,0.9978,3.22,9.4,5
129,0.99549,3.39,11,6
111,0.99547,3.38,9.8,6
82.5,0.9976,3.18,9.6,5
128,0.99534,3.15,11.4,6
91.5,0.9979,3.6,9.9,5
108,0.9973,3.32,9.6,6
101,1.00015,3.31,9.8,5
104,0.99514,3.44,10.55,7
73,0.99656,3.25,9.8,5
102.5,0.9967,3.29,9.2,5
99,0.99525,3.42,9.5,5
74,0.99598,3.6,11.7,6
117,0.9974,3.31,10.3,5
83,0.99865,3.3,10.4,6
111,0.998,3.18,9.5,6
82,0.99623,3,9.2,5
130,0.99588,3.3,10.8,6
116,0.99634,3.01,9.4,5
98,0.996,3.28,9.2,5
125,0.99918,3.15,9.4,5
121,0.99494,3.3,11.5,6
110,0.9996,3.22,11.2,5
128,0.9994,3.2,9.6,5
66.5,1.001,3.43,11.3,4
97,0.9983,3.26,9.4,5
103,0.99669,3.32,9.2,5
120,0.99754,3.38,10.5,6
118,0.997,3.24,11.7,7
126,0.99738,3.38,11.6,7
108,0.99666,3.2,9.4,5
101,0.9962,3.41,10.8,7
105,0.9962,3.21,10.9,6
100,0.99914,3.3,10.2,5
119,0.99735,3.02,9.9,7
96.5,0.99736,3.58,10.8,7
108,0.99646,3.56,11.6,6
95,1.0026,3.32,10.4,6
85,0.99824,3.34,10.5,5
94,0.99743,3.53,9.7,5
102,0.99686,3.21,9.5,6
124,0.99534,3.4,11,7
94.5,0.99587,3.34,9.5,5
133,0.99484,3.19,12.5,7
87,0.9966,3.15,11,5
113,0.9982,3.17,10.8,6
137,0.9971,3.41,12.1,6
128,0.9957,3.38,9.2,5
142,0.9941,3.28,11.1,5
77,0.99822,3.33,10.4,6
113,0.9921,3.9,12.8,6
107,0.9978,3.05,11.5,7
111,0.9908,3.5,14,8
137,0.99376,3.21,12.3,6
142,0.9996,3.28,10.1,6
94,0.9976,3.46,9.5,5
87.5,0.9977,3.29,9.2,5
101,0.9988,3.18,11,6
91,0.9962,3.25,9.9,5
96,0.99689,3.59,9.8,5
131,0.99545,3.28,11.9,6
117,0.99718,3.4,9.5,5
70,0.99467,3.5,10.9,6
122,0.9986,3.11,10.8,6
124,0.9956,3.56,12.7,6
97,0.9967,3.32,9.5,6
86.5,0.9974,3.24,9.8,6
124,0.99419,3.24,11.4,8
76,0.997,3.41,11,4
107,0.99323,3.35,12.1,6
99,0.9972,3.12,9.3,5
109,0.99584,3.35,10.5,5
96.5,0.99638,3.29,10.9,6
110,0.99722,3.18,10.9,5
108,0.99418,3.34,12.9,6
85,0.99242,3.39,12.8,6
119,0.9957,3.3,11.2,5
132,0.99064,3.26,11.7,7
96,0.9962,3.31,11,5
127,0.9976,3.12,12,6
108,0.9996,2.74,9.4,4
96,0.9984,3.37,10.1,7
132,0.9997,3.11,9.8,7
91,0.99572,3.38,11.3,6
91,0.9979,3.29,10.1,5
102,0.99769,3.27,9.6,5
100,0.99622,3.21,9.9,5
124,0.99534,3.4,11,7
92.5,0.9958,3.35,10.1,5
115,0.9982,3.37,9.9,6
100,0.9972,3.47,9.9,6
101,0.99584,3.28,9.9,5
75.5,0.9967,3.32,11,4
127,0.99782,3.3,9.4,5
74.5,0.99472,3.3,10.75,6
93,0.996,3.39,9.5,5
88,0.99668,3.39,9.6,5
110,0.9978,3.34,10,4
127,0.996,3.23,10,8
134,0.9974,3.26,9.6,6
93,0.99845,3.68,9.6,5
86,0.99878,3.14,9.4,5
93,0.9962,3.32,9.5,5
87,0.9968,3.2,9.5,5
73,0.99656,3.25,9.8,5
124,0.99652,3.47,10.9,6
79.5,0.9969,3.48,9.6,5
121,0.9992,3.07,10.3,6
125,0.9982,3.21,9.5,5
121,0.9994,3.1,10.8,6
142,0.9973,3.22,10.1,6
96,0.99747,3.13,9.1,6
117,0.99634,3.49,10.4,5
102,0.99779,3.23,9.7,5
72,0.9968,3.2,9.8,5
120,0.99772,3.15,10.5,5
91,0.9974,3.26,9.1,5
108,0.99474,3.26,11.8,6
92.5,0.99745,3.31,9.55,5
98.5,0.9972,3.46,9.2,5
99,0.9994,3.16,8.4,3
121,1.0004,3.16,9.5,5
131,0.99721,3.33,10.3,6
96.5,0.9971,3,9.3,5
108,0.99774,3.22,11.4,6
124,0.99534,3.4,11,7
59,0.99357,3.66,11.5,6
94.5,0.99587,3.34,9.5,5
99,0.99376,3.56,11.1,6
131,0.9968,3.41,9.5,6
100,0.9964,3.15,9.8,5
140,0.9979,3.3,10.5,5
127,0.99528,3.32,12.4,7
108,0.9968,3.38,9.5,7
107,0.99489,3.38,10.3,6
97,0.9988,3.28,9.6,5
100,0.9932,3.85,12.9,6
105,0.9956,3.37,9,4
111,1.0015,3.16,9.2,6
101,0.9988,3.18,11,6
112,0.9953,3.34,10.4,5
78,0.99854,3.36,9.6,5
87,0.9972,3.44,9.3,5
134,0.997,3.18,11.8,5
126,0.9998,3.18,9.4,5
111,0.9966,3.39,9.6,5
95.5,0.9986,3.4,9.6,6
62,0.99705,3.31,9.7,3
91.5,1.0032,2.95,11.2,7
128.5,0.99512,3.27,11.9,6
99,0.99745,3.48,9.7,6
83,0.99892,3.2,9.2,5
97,0.99712,3.4,9.8,5
131,0.99516,3.26,11.7,7
64.5,0.99616,3.3,9.6,4
105,0.99659,3.26,9.4,6
136,0.9978,3.14,10.4,5
108,0.99528,3.43,10.8,6
101,0.9992,3.46,9.5,5
122,0.99514,3.44,11.1,6
130,0.99543,3.39,11.8,6
86,0.99521,3.36,11,5
118,0.9917,3.72,14,8
121,0.9962,3.26,9.8,5
114,0.9988,2.99,10.2,5
109,0.99574,3.42,11,6
86,0.998,3.28,9.8,5
104,0.99294,3.33,10.5,6
107,0.9998,3.12,9.3,6
98,0.9978,3.48,9,5
124,0.99645,3.39,11,5
112,0.99656,3.09,9.1,6
136,0.9974,3.22,10.9,6
119,0.99702,3.21,11.8,7
121,0.9994,3.1,10.8,6
97,0.99712,3.4,9.8,5
95.5,1.00315,2.92,11.1,5
91,0.99162,3.47,12.9,6
91.5,0.99632,3.38,10.9,4
131,0.9976,3.05,10.5,7
122,0.9962,3.39,11.4,6
97,0.9953,3.47,10.4,6
102,0.99494,3.1,9.3,5
98.5,1.0022,3.07,10,7
125,0.9962,3.42,11,6
129,0.9982,3.03,9.8,6
97.5,0.9988,3.11,13.3,6
119,0.9962,3.28,9.5,5
92,0.9988,3.14,10.2,5
102,0.9968,3.46,10.2,5
102,0.99633,3.32,11,6
124,0.99495,3.18,11,7
101,0.99488,3.42,11.5,7
106,0.99235,3.2,13.1,8
121,0.99478,3.19,11.4,5
122,0.9996,3.1,10.5,5
116,0.99638,3.18,11.9,6
112,0.99728,3.3,10,7
80.5,0.9994,3.35,9.4,6
107,0.995,3.16,9.8,5
110,0.997,3.36,9.1,5
117,0.9966,3.17,9.5,5
103,0.99458,3.16,9.8,6
103,0.99625,3.29,9.3,5
120,0.996,3.24,10.6,6
115,0.9978,3.33,10.5,5
116,0.99758,3.25,10.4,6
113,0.9922,3.45,12.3,6
120,0.9986,3.27,11.7,7
56.5,0.999,3.37,9.9,5
104,0.9972,3.28,11.8,7
98,0.99651,3.42,9.5,6
116,0.9982,3.3,9.5,5
119,0.9984,3.26,10.2,5
113,0.99518,3.16,11.1,6
123,1.0004,3.22,13,7
68,0.9998,3.48,9.8,5
101,0.9968,3.25,9.4,5
133,0.9956,3.22,12.8,6
122,0.99605,3.36,11.4,6
91,0.999,3.35,9.3,5
102,0.9956,3.44,10.5,5
123,0.9955,3.17,11.2,7
142,0.9996,3.28,10.1,6
104,0.9987,3.48,9.3,5
112,0.9982,3.31,10.5,6
125,1.0014,3.2,12,7
76,0.99842,3.53,9.25,6
97,0.99522,3.34,10.8,6
108,0.99774,3.22,11.4,6
103,0.99654,3.38,9.5,5
64,0.9955,3.36,10.9,5
56,0.9934,3.74,11.5,5
88.5,0.99371,3.41,11.8,6
124,0.99716,3.46,9.5,6
136,0.9976,3.21,10.8,7
100,1.001,3.25,11.9,6
97,0.99787,3.22,9.5,5
121,1.0004,3.16,9.5,5
126,1.0014,3.05,9.5,6
92,0.99524,3.41,11.1,4
124,0.99716,3.46,9.5,6
105,0.9961,3.41,10.1,5
110,0.9937,3.63,13,5
106,0.99636,3.26,9.7,5
117,0.99492,3.35,10.6,6
111,0.9974,3.34,10.5,5
100,0.9963,3.2,9.3,5
121,0.99859,3.29,10.9,7
118,0.9979,3.31,10.8,6
134,0.99724,3.33,10.9,6
60,0.99586,3.43,10,5
110,0.9982,3.16,11.5,6
123,0.9975,3.04,9.3,5
113,0.99553,3.3,9.6,6
130,0.99316,3.01,12.3,7
148,0.99552,3.41,11.9,7
70.5,0.99582,3.53,10.8,6
111,0.9986,3.02,12,6
108,0.9982,3.26,9.5,5
102,0.998,3.09,10,6
121,0.99581,3.09,9.7,6
113,0.9984,3.31,9.4,5
96,0.99538,3.36,10.9,5
122,0.99486,3.27,12.6,7
83.5,0.99612,3.4,10.3,6
120,0.998,3.44,9.2,5
82.5,0.9965,3.45,10.7,5
128,0.99464,3.36,10.1,5
119,0.9996,3.15,9.9,6
85.5,0.99588,3.22,9.5,6
114,0.99578,3.33,9.8,5
91.5,0.9963,3.28,9.4,5
90.5,0.99546,3.29,10.1,5
122,0.99659,3.15,10.5,6
120,0.9971,3.45,9.5,6
97,0.9974,3.09,9.4,5
83.5,0.9975,3.57,9.9,5
120,0.9902,3.49,13.6,6
122,0.99643,3.22,11.6,7
123,0.99734,3.15,10.5,5
134,0.9974,3.21,9.4,6
93,0.99566,3.32,11.1,6
102,1.0008,3.25,9,3
101,0.9964,3.04,9.5,6
108,0.99666,3.2,9.4,5
103,0.99448,3.44,10.8,6
130,0.9964,3.15,11.7,8
123,0.99817,3.27,11,5
105.5,0.996,3.34,11.6,6
100,0.9997,3.5,9.7,5
92,0.99586,3.51,11.3,6
135,0.9946,3.38,11.9,6
129,0.9987,3.26,10.7,6
128,0.9969,3.28,10.7,5
120,0.99566,3.28,12,4
96.5,0.99632,3.02,9.3,5
119,0.99735,3.02,9.9,7
110,1.0001,3.05,9.5,5
112,1,3.28,10,6
129,0.99358,3.15,12.5,7
120,0.9966,3.07,10.5,6
110,0.99448,3.36,9.5,5
135,0.9982,3.42,10,6
131,0.99603,3.39,10.5,5
123.5,0.9966,3.36,11,5
100,0.99514,3.4,10.9,6
58,0.9938,3.75,10.5,4
105,0.99655,3.49,10.5,5
93.5,0.9974,3.27,9.3,5
93,0.99888,3.31,9.5,6
103,0.99676,3.31,9.4,6
117,0.99633,3.52,9.5,6
117,0.9984,3.22,10,5
101,0.9962,3.41,10.8,7
126,1,3.12,9.2,6
111,1.0004,3.29,9,5
102,0.99484,3.5,10.2,6
111,0.9972,2.93,9.9,6
133,0.99471,3.16,11.8,6
102,0.9984,3.17,9.1,6
111,0.9968,3.17,9.4,5
101,0.99472,3.52,11.4,5
134,0.99451,2.98,11.8,8
82,0.9978,3.37,9.6,4
97,0.99531,3.36,10.1,6
129,0.99536,3.22,12,6
89.5,0.9976,3.39,9.7,5
94.5,0.99606,3.37,9.7,5
120,0.9984,3.08,9.3,6
118,0.99516,3.35,11.7,8
87.5,0.99508,3.26,9.6,5
99,0.99541,3.61,11.5,6
114,0.9956,3.37,10.4,6
114,0.99732,3.66,9.8,5
111,0.996,3.33,9.4,5
104,0.99397,3.42,11.7,7
102,0.9992,3.05,10,5
91,0.99632,3.33,9.5,5
119,0.9952,3.34,13.3,7
126,0.99694,3.45,9.4,5
100,0.99938,3.45,9.5,5
124,0.99642,3.2,11.9,6
95,0.99498,3.35,10.4,6
115,0.9958,3.41,9.2,5
84.5,0.99593,3.19,9.5,5
111,0.99562,3.3,10.5,5
94,0.9971,3.15,9.2,5
129,0.99364,3.41,12.6,6
76.5,0.9924,3.57,13,7
109,0.99538,3.36,10.5,6
101,1.00015,3.31,9.8,5
96,0.99612,3.37,11,5
91.5,0.99694,3.32,9.4,5
92,0.99888,3.31,9.5,6
136,0.9977,3.18,11,6
87.5,0.99655,3.35,10.8,6
124,0.99652,3.47,10.9,6
117,0.99648,3.6,11.1,6
123,0.99817,3.27,11,5
112,0.9936,3.28,12.4,6
89.5,0.9964,3,9.5,5
100,0.99613,3.3,9.9,5
111,0.9966,3.39,9.6,5
103,0.997,3.46,9.5,5
132,0.9988,3.25,9.5,5
132,0.99408,3.26,12.4,7
107,0.99573,3.21,9.9,6
91,0.99636,3.35,9.7,6
133,1.0002,3.16,9.7,6
91,0.99712,3.44,9.8,5
107,0.9964,3.33,10,6
108,0.99577,3.15,12.1,7
118.5,0.9972,3.48,9.2,5
98,0.9988,3.22,13.4,8
107,0.9975,3.27,9.4,6
120,0.9991,3.38,10.5,7
136,0.9967,3.32,8.7,6
108,0.9976,3.34,10.6,7
98,0.9984,3.16,9.4,5
115,0.99818,3.24,10.8,5
119,0.99668,3.47,9.5,6
101,1,3,9.3,6
103,0.99557,3.36,10.8,6
103,0.9972,3.36,9.6,6
107,1.0002,3.07,11.7,6
127,0.99658,3.3,12.1,7
102,0.99719,3.33,10.3,4
102,0.99454,3.22,11.2,6
105,0.99655,3.49,10.5,5
126,0.998,3.22,9.2,5
95,0.9972,3.47,9.5,6
112,0.9968,3.22,11.2,5
134,0.9976,3.18,10.9,7
98,0.9966,3.36,9.4,5
117,0.99718,3.4,9.5,5
100,0.9984,3.31,9.2,6
101,0.9988,3.26,9.6,5
58,0.99437,3.59,11.2,4
109,0.9929,3.33,12.8,6
86,0.99418,3.28,11.8,6
103,0.9934,3.57,12.5,7
72,0.99572,3.58,11.2,4
127,0.99396,3.29,11,6
98,0.9951,3.08,9.3,5
117,0.99798,3.21,10.5,6
124,0.99693,3.44,9.4,5
110,0.99774,3.32,10.5,6
132,0.99356,3.33,12.8,7
99,0.99641,3.25,9.4,5
104,0.9976,3.22,9.6,5
81.5,0.99692,3.29,10,5
138,0.99672,3.61,10,6
88,0.9978,3.4,9.5,5
122,0.9961,3.33,9.5,5
116,0.9957,3.32,9.3,5
101.5,0.9967,3.2,9.8,6
106,0.9987,3.69,9.4,6
95.5,0.9969,3.37,10.3,5
105,0.9959,3.36,9.7,6
83,0.99892,3.2,9.2,5
98,0.99498,3.66,10.1,4
117,1.0004,3.06,9,5
123,0.9947,3.23,11.3,7
101,0.9992,3.46,9.5,5
97,0.99616,3.26,9.8,6
99,0.99612,3.3,9.8,5
129.5,0.99331,3.29,11.5,6
111,0.9972,2.93,9.8,5
103,0.99564,3.38,10.3,6
133,0.99546,3.15,11.2,6
117,0.9974,3.13,9.4,5
117,0.99615,3.34,9.2,6
101,0.9981,3.14,9.7,5
94,0.9993,3.06,11,6
106,0.9987,3.69,9.4,6
101,0.99801,3.15,9.1,5
130,0.998,3.31,10.5,7
124,0.99661,3.47,9.7,6
123,0.998,3.34,9.6,6
125,0.99599,3.27,11,6
103,0.99458,3.16,9.8,6
53,0.9962,3.3,9,5
93,1,3.17,9.5,6
104,0.9991,3.18,10.1,6
133,0.998,3.28,9.7,5
111,0.9968,3.2,9.5,5
106,0.9976,3.27,9.3,6
122,0.99685,3.42,9.5,6
126,0.9964,3.34,9.4,6
99,0.99787,3.22,10,6
104,0.9948,3.59,11.5,6
129,0.9988,3.32,9.7,6
117,0.9966,3.17,9.5,5
76.5,0.9966,3.39,9.6,5
130,0.99516,3.26,11.7,7
92,0.9977,3.5,9.9,6
128,0.99633,3.42,10.6,5
121,0.99526,3.39,11.6,6
126,0.99554,3.34,11,6
107,1.0002,3.07,11.7,6
123,0.9988,3.09,9.3,5
132,0.99408,3.26,12.4,7
115,0.99974,3.21,10.9,6
104,0.9971,3.24,9.6,6
120,0.9991,3.38,10.5,7
117,0.99603,3.25,10.3,5
127,0.9958,3.33,10.3,6
116,0.99438,3.32,11.4,6
116,0.999,3.17,12,7
102,0.99592,3.02,9.2,5
86.5,0.9966,3.27,9.3,5
120,0.99554,3.36,9.4,6
129.5,0.99331,3.29,11.5,6
118,0.99617,3.33,12,6
129,0.99677,3.39,10.5,6
99.5,0.995,3.46,11.8,6
102,0.998,3.23,9.5,5
96,0.9998,3.24,9.9,5
121,0.9922,3.12,11.5,6
119,0.99824,3.38,10.1,6
74.5,0.99627,3.54,11,6
134,0.9949,3.29,10.8,6
103,0.99519,3.47,11.3,7
116,0.99444,3.42,11.3,6
76.5,0.99608,3.39,10,5
134,0.9951,3.15,10.9,6
142,0.9947,3.37,11.8,6
115,0.99354,3.3,11.4,6
121,0.9978,3.14,9.5,5
122,0.9982,3.19,10,7
142,0.99007,2.89,12.7,6
114,0.99674,3.33,12.2,6
127,0.99625,3.29,9.3,5
79,0.99668,3.19,9.2,5
100,0.9982,3.37,9.4,5
109,0.99396,3.48,11.5,6
148,0.99552,3.41,11.9,7
132,0.99501,3.36,11.2,5
108,0.9976,3.34,10.6,7
110,0.99545,3.36,9.5,5
114,0.998,3.33,9.8,5
106,0.9982,3.08,9.2,5
90.5,0.998,3.49,9.2,5
129,0.9954,3.32,9.2,5
121,0.9955,3.34,9.3,5
85.5,0.9965,3.19,9.6,5
88,0.9994,3.43,11.1,6
98,0.997,3.52,9.3,6
128,0.99734,3.28,11.5,6
101.5,0.99264,3.56,12.9,7
126,0.99392,3.18,11.4,5
126,0.99605,3.52,10.7,5
118,0.99649,3.27,12.3,6
91.5,0.99745,3.31,9.55,6
112,0.9964,3.33,11.2,7
116,0.997,3.06,13.4,6
87,0.9967,3.26,9.3,5
82,0.99855,3.36,9.5,5
139,0.99648,3.36,10.4,5
62,0.99488,3.6,11.2,6
88.5,0.9968,3.23,9.5,5
138,0.999,3.41,10.3,6
117,0.99634,3.49,10.4,5
133,0.9951,3.4,11,7
115,0.9987,3.38,9.5,5
128,0.9996,3.05,10.6,5
108,0.9955,3.34,9.3,5
76,0.9952,3.52,12.3,7
112,0.9984,3.32,9.4,5
93,0.9958,3.26,10.2,6
102,0.9963,3.28,9.8,5
124,0.9964,3.3,11,6
128,0.9957,3.17,10.4,6
116,0.9981,3.24,10.8,6
127,0.99572,3.3,11.5,4
109,0.99574,3.42,11,6
88.5,0.9966,3.12,9.9,5
100,0.99639,3.38,10.8,5
133,0.9993,3.2,10.2,6
91,0.99578,2.88,9.7,5
100,0.9968,3.59,9.3,6
92,0.99546,3.38,10.3,5
125,0.99676,3.26,10.6,7
84,0.9965,3.45,11.5,6
118,0.9972,3.29,9.2,6
117,0.99346,3.33,11.9,6
110,0.996,3.39,9.5,5
89.5,0.9994,3.51,10,5
88.5,0.99533,3.48,11.4,6
97,0.99734,3.26,10.2,6
92,0.99685,3.38,9.5,5
99.5,0.99258,3.56,12.9,5
100,0.99613,3.3,9.9,5
96.5,0.99638,3.29,10.9,6
108,0.99358,3.4,12.5,7
132,0.9974,3.04,10.2,6
94,0.9968,3.3,10.3,5
93,0.9969,3.16,9.4,5
123,0.99456,3.38,11.8,6
90,0.9978,3.51,9.4,5
132,0.99064,3.26,11.7,7
96,0.99538,3.44,11.3,6
109,0.9924,3.46,12.9,7
94,0.9972,3.31,9.6,6
126,0.9952,3.35,12.1,7
120,1,3.03,10.2,5
115,0.9987,3.35,9.7,5
126,0.9916,3.68,14,6
94,0.99256,3.52,12.9,5
115,0.99774,3.22,9.3,6
81,0.99588,3.53,10.4,6
107,0.99678,3.26,9.6,6
144,0.99328,3.35,12.4,6
110,0.9955,3.39,9.4,6
79,0.99562,3.51,10.8,6
117,0.9973,3.42,10.5,5
135,0.99666,3.4,10.9,7
89.5,0.9962,3.34,10.5,6
85,0.99664,3.24,9.3,5
126,0.99384,3.21,12,6
114,0.9948,3.39,10.6,6
98,0.99735,3.29,9.3,5
144,0.99494,3.34,11.2,6
136,0.9974,3.22,10.9,6
99,0.9969,3.19,9.5,5
117,0.9976,3.34,9.4,5
129,0.99672,3.24,11.2,7
91,1.0002,3.48,11.6,6
111,0.99706,3.41,9,5
117,0.9986,2.89,9.6,5
124,1,3.17,9.2,6
110,0.99636,3.53,10.4,5
104,0.99402,3.54,11.3,5
129,0.99444,3.31,12.5,7
128.5,0.9987,2.98,9.2,6
120,0.9973,3.3,9.5,6
128,0.99633,3.42,10.6,5
81.5,0.99664,3.59,10,4
85.5,0.9968,3.24,9.4,5
112,0.99728,3.3,10,7
97,0.998,3.09,9.3,5
91,0.99572,3.38,11.3,6
63.5,0.99756,3.58,10.2,5
108,0.99745,3.5,9.8,5
131,0.99714,3.31,10.1,6
116,0.9963,3.23,11.6,7
119,0.998,3.48,9.1,5
106,1.00369,3.18,9,6
108,0.9934,3.9,13.1,4
131,1.0006,3.48,9.7,5
112,0.99586,3.21,12.1,7
102,0.9973,3.22,9.4,6
100,0.9975,3.42,10.8,6
56,0.99648,3.52,11,4
85,0.9958,3.38,10.1,5
101,0.9991,3.3,9.6,4
112,0.99552,3.33,9.7,5
91,0.9997,3.46,10.2,5
138,0.99344,3.39,12.4,6
100,0.99654,3.34,10,5
111,0.99702,3.27,10.9,6
103,0.99564,3.38,10.3,6
98,0.99332,3.32,11.8,6
107,0.9998,3.12,9.3,6
124,0.998,3.23,12.5,6
104,0.99438,3.4,11.2,6
106,0.99479,3.43,11.5,6
109,0.9973,3.09,11.8,7
101,0.9994,3.18,10.2,6
91,0.99572,3.38,11.3,6
107,0.99489,3.38,10.3,6
97,0.99675,3.37,9,6
100,0.99697,3.39,10.1,6
76,0.9997,3.1,10.4,6
104,0.99586,3.26,9.9,5
103,1.0006,3.12,10.7,6
116,0.998,3.28,11.5,5
83,0.99656,3.27,9.8,6
121,0.9982,3.52,9.7,5
122,0.99925,3.14,10.9,6
102,0.99568,3.32,10.5,7
128,0.9969,3.04,9.2,6
96,0.9961,3.3,9.6,5
114,0.9988,3.21,11,6
71.5,0.9972,3.36,9.1,4
129,1.0008,2.86,8.4,6
120,0.9968,3.43,9.7,6
122,0.99685,3.42,9.5,6
121,0.9984,3.34,10.2,6
102,0.9974,3.13,9.5,5
99,0.99483,3.55,10.9,6
124,0.99652,3.47,10.9,6
88.5,0.9968,3.23,9.5,5
113,0.99518,3.16,11.1,6
97,0.99675,3.37,9,6
85.5,0.9965,3.19,9.6,5
118,0.9971,3.04,9.6,5
130,0.99523,3.27,11.7,7
120,0.9965,3.34,9.4,5
121,0.9979,3.38,9.8,5
96,0.99689,3.59,9.8,5
113,0.99516,3.18,11.2,5
124,0.99556,3.4,10.1,6
112.5,0.99704,3.07,10.0333333333333,6
96,0.997,3.47,9.4,6
89,0.99635,3.38,10,6
100,0.9966,3.52,10.2,7
122,1.0004,3.16,10.3,5
83.5,0.99619,3.33,10.9,6
58,0.9984,3.08,10.1,6
92,0.9988,3.14,10.2,5
87.5,0.9962,3.41,10.9,5
73.5,0.995,3.61,12.7,6
102,0.9959,3.28,9.2,5
108,0.9978,3.24,9.3,5
110,0.9971,3.18,9.5,5
86,0.99502,3.12,10,5
91.5,0.9964,3.21,9.3,5
110,0.99352,3.44,12.3,6
128,1.0002,3.32,10.8,7
108,0.9964,3.23,9.5,5
91,0.9968,3.21,9.3,5
119,1.00024,3.13,10,5
100,0.99336,3.38,11,5
80,0.9979,3.4,9.9,5
138,0.999,3.41,10.3,6
124,0.99642,3.2,11.9,6
126,0.9916,3.68,14,6
126,0.99464,3.36,10.1,5
134,0.9968,3.2,10.2,7
81.5,0.9994,3.36,9.4,6
129,0.99614,3.31,11.8,7
100,0.9994,3.15,10.5,6
121,0.99294,3.36,12.2,6
128,0.9985,3.22,10,6
99,0.99975,3.24,9.7,5
117,0.998,3.19,10,6
94,0.99378,3.71,12.8,7
126,0.99392,3.11,12.4,6
101,1.0002,3.5,9.3,6
84,0.99379,3.51,11.5,6
119,0.99824,3.38,10.1,6
104,0.9976,3.22,9.6,5
103,0.99491,3.43,11.2,6
113,0.99647,3.32,10.5,5
81.5,0.9969,3.21,9.3,5
48.5,0.9958,3.54,11.2,4
114,0.9981,3.18,9.5,5
94,0.9989,3.37,11.5,7
129,0.99572,3.02,10.9,7
142,0.99007,2.89,12.7,6
91,0.9992,3.36,9.4,5
95,0.9993,3.67,9.7,5
71.5,0.9946,3.11,10,5
102,0.99568,3.32,10.5,7
106,0.99699,3.24,10.9,5
125,0.9971,3.26,10.6,5
114,0.99815,3.32,9.5,6
132,0.99356,3.33,12.8,7
114,0.9981,3.43,9.2,6
103,0.99374,3.41,12.8,5
93,0.9954,3.42,11.3,6
121,0.9952,3.44,12.1,6
111,1.0015,3.16,9.2,6
129,0.9986,3.12,10.6,7
108,0.9971,3.36,9.1,5
110,0.99774,3.32,10.5,6
118.5,1.0014,3.06,10,6
76,0.9952,3.52,12.3,7
71,0.99786,2.99,10.2,5
111,0.9968,3.11,9.3,5
73,1.00025,3.6,9.8,4
104,0.997,3.37,9.4,6
97,0.9974,3.09,9.4,5
102,0.99387,3.38,12.6,6
110,0.998,2.92,10.5,7
135,0.99439,3.52,12.4,7
117,0.996,3.1,11.4,6
122,0.99914,3.15,8.5,5
106,0.9984,3.01,11.8,7
128,0.9984,3.28,9.6,5
105,0.9982,3.17,9.6,5
95,0.9972,3.47,9.5,6
95.5,0.9964,3.38,9.8,6
121,0.99596,3.16,9.4,5
140,0.99458,3.32,11.9,7
93,0.99566,3.32,11.0666666666667,6
101,0.999,3.28,9.5,6
99,0.99748,3.48,9.8,5
93,0.9949,3.49,11.4,6
97,0.99616,3.26,9.8,6
